email,password,username,number
interdum.feugiat@protonmail.edu,Obulusrd45,Stmwj,608224128
lacus@yahoo.edu,Hgntsysw51,Iluig,612646772
ad.litora@hotmail.org,Tojsiqcv56,Ywmry,612718215
scelerisque@outlook.org,Lrlflpqh93,Ygdvn,614564355
etiam.gravida@outlook.net,Cinexxyl91,Gspvw,615445422
vivamus.rhoncus@protonmail.org,Kugnoobj05,Htqau,617463544
lacus@yahoo.edu,Uoxweqtp44,Pjmbv,618124252
sit.amet.ornare@google.org,Iegeygbk88,Admcw,621568392
non.bibendum@icloud.com,Kvpfotzp16,Ptbvi,624712251
velit.quisque@yahoo.com,Qpsijbfv51,Yyvhp,624867665
cursus.non@protonmail.net,Fmbmmczl88,Wobhn,625538863
nascetur.ridiculus@hotmail.ca,Mffrdrbn57,Fcunx,626358781
eget.dictum.placerat@hotmail.edu,Rxphxkbf86,Nwusj,628464024
cras.lorem@outlook.ca,Dtwvemrp30,Llltr,631475229
dui.nec@google.com,Hhsobgnk07,Ehjib,635585777
nunc.sed@yahoo.com,Odwugyvx67,Rgsxi,637276826
et.pede@yahoo.edu,Xcwgiujg95,Filam,637682779
vivamus.rhoncus@protonmail.org,Goqjmfvg40,Bgigq,637783397
mattis.ornare@hotmail.org,Kjgcvkjw83,Afksf,638260071
ornare.elit.elit@hotmail.edu,Lllfnnou35,Byhej,642188382
lectus.convallis@yahoo.ca,Wujmndlc51,Uoekn,643894352
aliquam@icloud.com,Rckneufl26,Tzmcd,643924569
purus.gravida@google.org,Vlexaenw66,Zqkmu,644653861
nunc.quisque@google.com,Kaigtwzm69,Igwdc,646152526
curabitur.massa@outlook.org,Cpmllsgm85,Erqjj,646184918
lectus.convallis@yahoo.ca,Qyvsobcv48,Rtrfo,647283861
dolor.sit.amet@icloud.ca,Jvzeosmd79,Fbxbq,647855659
tortor.nunc@google.com,Nsudxxbn66,Dtktw,652537133
eu.dui@aol.ca,Swjrpigq48,Ejhfq,655896196
vivamus.rhoncus@protonmail.org,Ipibhfgj42,Pqety,656488307
lacus@yahoo.edu,Dgbuudxk74,Bcszd,657816614
proin@outlook.edu,Qcjaudjs91,Jjleb,662766298
enim@protonmail.ca,Atkqowfv42,Chtqf,663419215
duis.ac.arcu@hotmail.org,Bmdmdeww30,Kucvz,665081215
dignissim.magna@yahoo.com,Poeclexs49,Ngkgt,666638129
luctus@hotmail.org,Pvsxobrf02,Ngmhp,671069744
gravida@aol.net,Xmxmkwnq38,Drtlh,672151770
natoque.penatibus@outlook.com,Alotxggk11,Csjif,672416160
fames.ac@protonmail.com,Fjfopxyn94,Yblsc,674684284
fames.ac@protonmail.com,Vlccvspu52,Wiaqf,675023387
risus.odio@icloud.com,Xwqwvkeu74,Uhhgr,676386784
tortor.nunc@google.com,Hnyjayyg49,Nqdoz,678257562
porttitor.interdum@protonmail.ca,Qfbbtfkz64,Lomfp,678447432
natoque.penatibus@outlook.com,Gdhsjvpu30,Csacj,678963768
tincidunt.dui@outlook.net,Skygecek25,Sgrcj,681736177
pharetra.sed.hendrerit@google.org,Xufcbpnl19,Rptlm,683649817
et@protonmail.net,Ldhcntcw51,Pogjj,686430741
enim@protonmail.ca,Vsdggolf88,Etbbx,692244142
luctus@hotmail.org,Mnesbufj87,Spalx,692316681
tortor.nunc@google.com,Efgyquvr24,Rncqi,692447003
risus.donec@hotmail.ca,Bggexzhw11,Vuzsr,693306225
eu.tellus@google.org,Cpqifvfg62,Bdqyq,694884760
malesuada.vel.convallis@icloud.ca,Ckilhwxc09,Hfgyh,695106862
nec.malesuada.ut@aol.com,Qdosxnpz15,Ugdjd,902410137
nulla.tempor@hotmail.org,Zlybjhcb73,Sslmq,907551176
nullam.enim.sed@aol.net,Mdvqyxru49,Mbemd,911053352
feugiat.metus@aol.ca,Edvejlhg42,Gtuoh,915009564
inceptos.hymenaeos@aol.edu,Hesphlms83,Kjvyp,915054278
et@protonmail.net,Rsnsyuul38,Siaeh,916263388
et@protonmail.net,Rsnsyuul38,Siaeh,916263388
enim@google.com,Jjkqimur76,Pnkbm,916685382
feugiat.metus@aol.ca,Bttyffgv93,Fzkmz,920542255
feugiat.metus@aol.ca,Bttyffgv93,Fzkmz,920542255
feugiat.metus@aol.ca,Bttyffgv93,Fzkmz,920542255
feugiat.metus@aol.ca,Bttyffgv93,Fzkmz,920542255
vel.convallis@protonmail.org,Jhwibdlt54,Jfyvs,923013134
sed@protonmail.edu,Pegvtzdu79,Pxsyf,925830895
ac.nulla@protonmail.org,Dldwbkyb62,Gqvwp,933086457
tincidunt.vehicula.risus@protonmail.edu,Yizdsqeg12,Hlplw,936246131
dolor.dolor@icloud.net,Bsmnlldu67,Uiitd,940604224
scelerisque.sed@hotmail.net,Gjvpjnsz43,Cqjyu,941389813
et.pede@yahoo.edu,Tqgubfui29,Sopmr,942442783
mollis.dui.in@hotmail.ca,Foqljtsj07,Oojnl,942578706
fames.ac@protonmail.com,Yexanxpq82,Jqchq,942956326
lacinia.mattis@protonmail.ca,Khpgnwhx83,Rpqop,944732577
nulla.integer.urna@outlook.org,Czknqyyc15,Ofkpw,946723252
odio.nam@aol.edu,Uvyeiwzx64,Lyejm,947177473
ac.mattis.semper@aol.org,Olefuxcq46,Ukmre,947522848
eget.tincidunt.dui@yahoo.net,Uosrikgt41,Hoydm,947861485
lobortis.class@outlook.org,Jsrvckms44,Qyvst,948353526
vivamus.rhoncus@protonmail.org,Yoybusil73,Liwif,949657714
euismod@protonmail.ca,Gjliymmx51,Ceybe,950742152
nibh.dolor@hotmail.edu,Trfvpskc14,Roskm,951866855
netus@hotmail.edu,Vygbqkxj40,Xrvbw,952382335
et.lacinia@hotmail.org,Qonzoton06,Ncvph,952823598
sodales@google.net,Wxqocivp68,Whgnc,953362572
tincidunt.dui@outlook.net,Mqxttftg17,Frlzv,954828632
et.malesuada@yahoo.edu,Xrdprink42,Ulqrn,957655213
nulla.integer.urna@outlook.org,Mcbsxbfk31,Gmgnc,961167048
adipiscing@aol.net,Hquzgusb36,Xqnti,961514688
lacinia.mattis@protonmail.ca,Okszjdbc48,Fdgmq,969634892
lectus@outlook.net,Pjoscwvu96,Egnpv,972164152
pellentesque.tincidunt.tempus@google.com,Ahittrym37,Eznbg,972480321
bibendum.ullamcorper@outlook.edu,Egcheavy94,Wxyyr,974356204
ipsum.curabitur.consequat@protonmail.com,Bsadhuzo46,Iaehx,975897632
cras.lorem@outlook.ca,Jeckvvqg05,Gouur,977642202
sit.amet@icloud.net,Nozwhqkc75,Tvkkg,978821535
nunc.sed.pede@outlook.ca,Bmtrfwuh10,Mheje,981840357
eleifend@aol.net,Bwsavfts41,Xvofp,982037227
ipsum.cursus.vestibulum@aol.com,Hjdytrch35,Fpkbl,983416817
nam.ligula@aol.com,Smihgyyc35,Bcjko,984481738
nunc.quisque@google.com,Wwbymkwj63,Darxh,988132947
quisque.ac@icloud.com,Klybxhwj72,Svmfd,990121176
per@aol.ca,Kwonbqfk32,Qcinc,991748251
